Abel_Pacheco/Abel_Pacheco_0001.jpg Abel_Pacheco/Abel_Pacheco_0004.jpg 1
Akhmed_Zakayev/Akhmed_Zakayev_0001.jpg Akhmed_Zakayev/Akhmed_Zakayev_0003.jpg 1
Akhmed_Zakayev/Akhmed_Zakayev_0002.jpg Akhmed_Zakayev/Akhmed_Zakayev_0003.jpg 1
Amber_Tamblyn/Amber_Tamblyn_0001.jpg Amber_Tamblyn/Amber_Tamblyn_0002.jpg 1
Anders_Fogh_Rasmussen/Anders_Fogh_Rasmussen_0001.jpg Anders_Fogh_Rasmussen/Anders_Fogh_Rasmussen_0003.jpg 1
Anders_Fogh_Rasmussen/Anders_Fogh_Rasmussen_0001.jpg Anders_Fogh_Rasmussen/Anders_Fogh_Rasmussen_0004.jpg 1
Angela_Bassett/Angela_Bassett_0001.jpg Angela_Bassett/Angela_Bassett_0005.jpg 1
Angela_Bassett/Angela_Bassett_0002.jpg Angela_Bassett/Angela_Bassett_0005.jpg 1
Angela_Bassett/Angela_Bassett_0003.jpg Angela_Bassett/Angela_Bassett_0004.jpg 1
Ann_Veneman/Ann_Veneman_0003.jpg Ann_Veneman/Ann_Veneman_0005.jpg 1
Ann_Veneman/Ann_Veneman_0006.jpg Ann_Veneman/Ann_Veneman_0010.jpg 1
Ann_Veneman/Ann_Veneman_0010.jpg Ann_Veneman/Ann_Veneman_0011.jpg 1
Anthony_Fauci/Anthony_Fauci_0001.jpg Anthony_Fauci/Anthony_Fauci_0002.jpg 1
Antony_Leung/Antony_Leung_0001.jpg Antony_Leung/Antony_Leung_0002.jpg 1
Antony_Leung/Antony_Leung_0002.jpg Antony_Leung/Antony_Leung_0003.jpg 1
Anwar_Ibrahim/Anwar_Ibrahim_0001.jpg Anwar_Ibrahim/Anwar_Ibrahim_0002.jpg 1
Augusto_Pinochet/Augusto_Pinochet_0001.jpg Augusto_Pinochet/Augusto_Pinochet_0002.jpg 1
Barbara_Brezigar/Barbara_Brezigar_0001.jpg Barbara_Brezigar/Barbara_Brezigar_0002.jpg 1
Benjamin_Netanyahu/Benjamin_Netanyahu_0001.jpg Benjamin_Netanyahu/Benjamin_Netanyahu_0004.jpg 1
Benjamin_Netanyahu/Benjamin_Netanyahu_0004.jpg Benjamin_Netanyahu/Benjamin_Netanyahu_0005.jpg 1
Bernard_Law/Bernard_Law_0002.jpg Bernard_Law/Bernard_Law_0003.jpg 1
Bernard_Law/Bernard_Law_0003.jpg Bernard_Law/Bernard_Law_0004.jpg 1
Bertrand_Bonello/Bertrand_Bonello_0001.jpg Bertrand_Bonello/Bertrand_Bonello_0002.jpg 1
Bill_Frist/Bill_Frist_0002.jpg Bill_Frist/Bill_Frist_0009.jpg 1
Bill_Frist/Bill_Frist_0004.jpg Bill_Frist/Bill_Frist_0005.jpg 1
Bob_Graham/Bob_Graham_0002.jpg Bob_Graham/Bob_Graham_0004.jpg 1
Bob_Graham/Bob_Graham_0003.jpg Bob_Graham/Bob_Graham_0006.jpg 1
Bob_Graham/Bob_Graham_0004.jpg Bob_Graham/Bob_Graham_0006.jpg 1
Bob_Graham/Bob_Graham_0005.jpg Bob_Graham/Bob_Graham_0006.jpg 1
Boris_Becker/Boris_Becker_0002.jpg Boris_Becker/Boris_Becker_0006.jpg 1
Brad_Johnson/Brad_Johnson_0001.jpg Brad_Johnson/Brad_Johnson_0003.jpg 1
Brad_Johnson/Brad_Johnson_0002.jpg Brad_Johnson/Brad_Johnson_0003.jpg 1
Brad_Johnson/Brad_Johnson_0002.jpg Brad_Johnson/Brad_Johnson_0004.jpg 1
Brian_Griese/Brian_Griese_0001.jpg Brian_Griese/Brian_Griese_0002.jpg 1
Candice_Bergen/Candice_Bergen_0001.jpg Candice_Bergen/Candice_Bergen_0002.jpg 1
Candice_Bergen/Candice_Bergen_0002.jpg Candice_Bergen/Candice_Bergen_0003.jpg 1
Carla_Myers/Carla_Myers_0001.jpg Carla_Myers/Carla_Myers_0002.jpg 1
Cathy_Freeman/Cathy_Freeman_0001.jpg Cathy_Freeman/Cathy_Freeman_0002.jpg 1
Chang_Dae-whan/Chang_Dae-whan_0001.jpg Chang_Dae-whan/Chang_Dae-whan_0002.jpg 1
Charles_Grassley/Charles_Grassley_0001.jpg Charles_Grassley/Charles_Grassley_0002.jpg 1
Clare_Short/Clare_Short_0001.jpg Clare_Short/Clare_Short_0003.jpg 1
Clare_Short/Clare_Short_0001.jpg Clare_Short/Clare_Short_0004.jpg 1
Corinne_Coman/Corinne_Coman_0001.jpg Corinne_Coman/Corinne_Coman_0002.jpg 1
Dai_Bachtiar/Dai_Bachtiar_0001.jpg Dai_Bachtiar/Dai_Bachtiar_0002.jpg 1
Dale_Earnhardt_Jr/Dale_Earnhardt_Jr_0001.jpg Dale_Earnhardt_Jr/Dale_Earnhardt_Jr_0003.jpg 1
David_Caruso/David_Caruso_0001.jpg David_Caruso/David_Caruso_0002.jpg 1
Demi_Moore/Demi_Moore_0001.jpg Demi_Moore/Demi_Moore_0003.jpg 1
Dick_Vermeil/Dick_Vermeil_0001.jpg Dick_Vermeil/Dick_Vermeil_0002.jpg 1
Doris_Roberts/Doris_Roberts_0001.jpg Doris_Roberts/Doris_Roberts_0002.jpg 1
Doris_Roberts/Doris_Roberts_0001.jpg Doris_Roberts/Doris_Roberts_0003.jpg 1
Drew_Barrymore/Drew_Barrymore_0001.jpg Drew_Barrymore/Drew_Barrymore_0002.jpg 1
Edmund_Stoiber/Edmund_Stoiber_0004.jpg Edmund_Stoiber/Edmund_Stoiber_0007.jpg 1
Edmund_Stoiber/Edmund_Stoiber_0005.jpg Edmund_Stoiber/Edmund_Stoiber_0007.jpg 1
Edmund_Stoiber/Edmund_Stoiber_0007.jpg Edmund_Stoiber/Edmund_Stoiber_0012.jpg 1
Edmund_Stoiber/Edmund_Stoiber_0009.jpg Edmund_Stoiber/Edmund_Stoiber_0011.jpg 1
Elinor_Caplan/Elinor_Caplan_0001.jpg Elinor_Caplan/Elinor_Caplan_0002.jpg 1
Emmanuelle_Beart/Emmanuelle_Beart_0001.jpg Emmanuelle_Beart/Emmanuelle_Beart_0002.jpg 1
Emmanuelle_Beart/Emmanuelle_Beart_0001.jpg Emmanuelle_Beart/Emmanuelle_Beart_0003.jpg 1
Federico_Trillo/Federico_Trillo_0001.jpg Federico_Trillo/Federico_Trillo_0002.jpg 1
Federico_Trillo/Federico_Trillo_0001.jpg Federico_Trillo/Federico_Trillo_0003.jpg 1
Federico_Trillo/Federico_Trillo_0002.jpg Federico_Trillo/Federico_Trillo_0003.jpg 1
Francis_Ford_Coppola/Francis_Ford_Coppola_0001.jpg Francis_Ford_Coppola/Francis_Ford_Coppola_0002.jpg 1
Fred_Thompson/Fred_Thompson_0001.jpg Fred_Thompson/Fred_Thompson_0002.jpg 1
Fred_Thompson/Fred_Thompson_0001.jpg Fred_Thompson/Fred_Thompson_0003.jpg 1
Fred_Thompson/Fred_Thompson_0002.jpg Fred_Thompson/Fred_Thompson_0003.jpg 1
Garry_Trudeau/Garry_Trudeau_0001.jpg Garry_Trudeau/Garry_Trudeau_0002.jpg 1
Gary_Williams/Gary_Williams_0001.jpg Gary_Williams/Gary_Williams_0002.jpg 1
Gene_Robinson/Gene_Robinson_0001.jpg Gene_Robinson/Gene_Robinson_0002.jpg 1
Gene_Robinson/Gene_Robinson_0001.jpg Gene_Robinson/Gene_Robinson_0003.jpg 1
Gene_Robinson/Gene_Robinson_0002.jpg Gene_Robinson/Gene_Robinson_0003.jpg 1
George_Galloway/George_Galloway_0001.jpg George_Galloway/George_Galloway_0003.jpg 1
George_Galloway/George_Galloway_0002.jpg George_Galloway/George_Galloway_0003.jpg 1
George_Galloway/George_Galloway_0002.jpg George_Galloway/George_Galloway_0004.jpg 1
Geraldine_Chaplin/Geraldine_Chaplin_0001.jpg Geraldine_Chaplin/Geraldine_Chaplin_0002.jpg 1
Geraldine_Chaplin/Geraldine_Chaplin_0001.jpg Geraldine_Chaplin/Geraldine_Chaplin_0004.jpg 1
Geraldine_Chaplin/Geraldine_Chaplin_0003.jpg Geraldine_Chaplin/Geraldine_Chaplin_0004.jpg 1
Gerardo_Gambala/Gerardo_Gambala_0001.jpg Gerardo_Gambala/Gerardo_Gambala_0002.jpg 1
Gian_Marco/Gian_Marco_0001.jpg Gian_Marco/Gian_Marco_0002.jpg 1
Gian_Marco/Gian_Marco_0002.jpg Gian_Marco/Gian_Marco_0003.jpg 1
Gillian_Anderson/Gillian_Anderson_0001.jpg Gillian_Anderson/Gillian_Anderson_0002.jpg 1
Gordon_Brown/Gordon_Brown_0006.jpg Gordon_Brown/Gordon_Brown_0009.jpg 1
Gordon_Brown/Gordon_Brown_0010.jpg Gordon_Brown/Gordon_Brown_0013.jpg 1
Grant_Hackett/Grant_Hackett_0001.jpg Grant_Hackett/Grant_Hackett_0002.jpg 1
Grant_Hackett/Grant_Hackett_0001.jpg Grant_Hackett/Grant_Hackett_0003.jpg 1
Grant_Hackett/Grant_Hackett_0001.jpg Grant_Hackett/Grant_Hackett_0005.jpg 1
Gray_Davis/Gray_Davis_0007.jpg Gray_Davis/Gray_Davis_0022.jpg 1
Gray_Davis/Gray_Davis_0021.jpg Gray_Davis/Gray_Davis_0026.jpg 1
Gregg_Popovich/Gregg_Popovich_0001.jpg Gregg_Popovich/Gregg_Popovich_0005.jpg 1
Gregg_Popovich/Gregg_Popovich_0003.jpg Gregg_Popovich/Gregg_Popovich_0004.jpg 1
Guy_Ritchie/Guy_Ritchie_0001.jpg Guy_Ritchie/Guy_Ritchie_0002.jpg 1
Hamzah_Haz/Hamzah_Haz_0001.jpg Hamzah_Haz/Hamzah_Haz_0002.jpg 1
Harbhajan_Singh/Harbhajan_Singh_0001.jpg Harbhajan_Singh/Harbhajan_Singh_0002.jpg 1
Hootie_Johnson/Hootie_Johnson_0001.jpg Hootie_Johnson/Hootie_Johnson_0002.jpg 1
Hugo_Chavez/Hugo_Chavez_0002.jpg Hugo_Chavez/Hugo_Chavez_0027.jpg 1
Hugo_Chavez/Hugo_Chavez_0027.jpg Hugo_Chavez/Hugo_Chavez_0053.jpg 1
Hugo_Chavez/Hugo_Chavez_0036.jpg Hugo_Chavez/Hugo_Chavez_0051.jpg 1
Hugo_Chavez/Hugo_Chavez_0041.jpg Hugo_Chavez/Hugo_Chavez_0050.jpg 1
Hugo_Chavez/Hugo_Chavez_0045.jpg Hugo_Chavez/Hugo_Chavez_0056.jpg 1
Isaiah_Washington/Isaiah_Washington_0001.jpg Isaiah_Washington/Isaiah_Washington_0002.jpg 1
Jack_Grubman/Jack_Grubman_0001.jpg Jack_Grubman/Jack_Grubman_0002.jpg 1